Location,Count
,101
 Indonesia      ,1
#NüCrü,1
11.22.63,1
"4 Yawkey Way, Boston, MA 02215",1
518.,1
@Dansoman DC,1
@Laurel_Sweet,2
"Abington, MA",1
Across The Tobin/MedeBean,1
"Acton, MA",1
Africa,1
Amesbury,1
Andover MA,1
"Andover, MA",1
Anywhere&Everywhere,1
Asgard,1
"Ashland, MA",1
"Athens, GA",1
Atlanta,1
"Atlanta, GA",1
"Atlanta, GA ✈️",1
Auburndale,1
Australia,1
BOSTON,1
"BOSTON MA,",1
"Bakersfield, CA",1
Balcones Escarpment + Waterloo,1
"Baltimore, MD",1
"Bay Area, California",1
"Beast Aurora, NY",1
Belgium,1
"Belmont, MA",1
"Belmont, Ma",1
"Berkeley, CA",1
"Beverly, MA",1
"Billerica, MA",2
"Birmingham, AL",2
"Birmingham, AL / Amman, Jordan",1
"Bloomington, Indiana 47403",1
Blue neighbourhood ,1
Boise✨Spokane,1
Boston,77
Boston,1
Boston ,5
"Boston City Hall, Room 967",1
Boston College,1
Boston MA,5
Boston MA USA,1
"Boston MA, USA",1
"Boston, MA",248
"Boston, MA ",3
"Boston, MA 02109",1
"Boston, MA USA",2
"Boston, MA, USA",1
"Boston, MA, United States",4
"Boston, Ma",2
"Boston, Ma ",1
"Boston, Ma.",1
"Boston, Massachusetts",5
"Boston, Massachusetts ",1
"Boston, USA",4
"Boston, ma",1
"Boston,MA",1
"Boston,USA",4
Boston/Cambridge MA,1
Boѕтon,1
"Brighton, MA",1
"Bristol, England",1
"British Columbia, Canada",1
"Brockton, MA",4
"Brockton/Amherst
",1
"Brookline, MA",1
"Burlington, MA",1
"Bury, England",1
Bushwick,1
"Cali, Colombia",1
"California, USA",2
"Cambridge, MA",24
"Cambridge, MA, USA",1
"Cambridge, Massachusetts, USA",1
"Cambridge,MA",1
"Campinas, Brasil",1
Caracas,1
Carson,1
"Chelmsford, MA",1
Chelsea,2
"Chelsea, MA",1
"Chestnut Hill, MA",1
Chez Chanyeol ♥,1
Chicago,1
"Chicago, IL",1
"Chicago, IL, USA",1
"Cincinnati, Ohio",1
Concord Massachusetts,1
"Concord, MA",1
Connecticut near NY border,1
"Connecticut, USA",1
Crooklyn,1
"Dallas, Texas",1
"Danbury, CT",1
"Derry, NH",1
"Detroit, MI",1
"Dorchester, MA",3
Dot BostoN,1
"Dublin, Ireland",1
Durban,1
Earth,1
East Africa,1
East Ayrshire,1
"East, England",1
Eastern Caper living in JoBurg,1
England,1
"England, United Kingdom",1
España,2
"Everett, MA",2
Everywhere you are,1
FL.,2
FaQ,1
Fenway Park,5
"Ferndale, WA",1
"Fishers, IN",1
Florida,1
"Foothills No. 31, Alberta",1
"Fort Gratiot, MI",1
"Framingham, MA",4
"Fresno, CA ",1
GA✈MA,1
GSID3 All$In,1
GTA/Lost In The World.,1
"Gastonia, NC",1
"Georgia, USA",1
Gillette Stadium,1
Good Ole NH,1
Gotham city,1
"Grand Rapids, MI",1
"Greater Accra, Ghana",1
"Greater Boston, MA",1
"Gölbaşı, Türkiye",1
"Hackney, London, UK",1
"Harrison, AR",1
"Headquarters: Boston, MA",1
Here silly.,1
"Hingham, MA",2
Hogwarts duh where else,1
"Houston, TX",1
"Hyde Park, Ma",1
IG/Snap: @ethansuo ,1
IMMIGRANTS ARE WELCOME HERE,1
In the treehouse,1
Indianapolis,1
JPN,1
"Jacksonville, Florida",1
"Jamaica Plain, MA",1
"Joplin, MO",1
Just outside of Boston,1
Kansas City,1
Kenya,1
Kusadasi Turkey,1
LOST,1
LOVERS PARADISE . . .,1
"LOWELL, MA",1
Lagos / Allianz Arena,1
"Lancaster, PA",1
LasAntenas♡,1
Lawrence MA,1
"Lawrence, MA",2
Leeds/Herts,1
"Leicester, MA",1
"Lexington, MA",1
"Littleton, MA",2
London ,2
"London, England",1
Lowell,7
"Lowell, MA",4
"Lowell, Massachusetts",1
"Lynn, MA",3
MA,1
MAssAppeal / GApower,1
MA✈️LA,1
MN,1
Madrid,1
"Magdalena, Sonora",1
"Maine, USA",1
Malden MA,1
"Malden, MA",1
Manchester,1
"Manchester, UK",1
Manhattan/NYC,1
Mansfield,1
"Mansfield, MA",2
"Marlborough, MA",2
Massachusetts,3
"Massachusetts, USA",2
"Mclain, MS, U.S",1
Medfield MA,1
Medford ,1
"Medford, MA",3
"Miami , Florida U.S.A.",1
"Miami, FL",1
"Milford, CT",1
"Milton, Massachusetts",1
"Milton, ma",2
"Minnesota, USA",1
"Mystery Ranch, Massachusetts",1
México ✌️,1
NEW MERCH OUT NOW! Order here:,1
NJ,1
NY -- Tukee,1
NYC|DC,1
"Nairobi, Kenya",1
"Natick, MA ",1
Near Boston,1
"Needham, MA",2
"New York, NY",3
"Newton, MA",2
"North Andover, MA",4
"North Carolina, USA",1
"North Reading, MA",1
"Northampton, England",1
Norwood Ma,1
"Norwood, MA",2
Ohio,1
"Oneonta, NY",1
"Oregon, WI",1
Peabody,1
"Peabody, MA",1
"Peachtree City, Georgia",1
"Pembroke, MA",1
"Perth, Scotland",1
Peru,1
"Pittsburgh, PA",1
Pittsburgh/Larryville,1
Planet 4546b,1
Planet Earth,1
Planet Earth; Place Of Birth,1
"Port Huron, MI",1
"Portland, Oregon",1
Pride Rock,1
Puente Alto/Santiago,1
"Puerto Rico, USA",2
"Quincy, MA",1
"Randolph, Massachusetts",1
"Revere, MA",2
"Rhode Island, USA",1
Rh⚓de Island,1
Right Here,1
Riobamba - Ecuador,1
"Road to Charlestown, Boston",1
"Rochester, NY",1
"Rosario, Argentina",1
"Roxbury, Boston",1
SAFTB,1
Salem Massachusetts ,1
"Salem, MA",3
"San Antonio, TX",1
San Cristóbal-Maracaibo,1
"San Francisco, CA",1
"Santiago, Chile",1
Saugus,1
"Saugus, MA",1
"Sedona, AZ",1
"Seine-et-Marne, Ile-de-France",1
"Sinton, Tx // C.C. ",1
"Slatina, România",1
"Small Town, USA",1
Somerville,1
Somerville MA,1
Somerville Ma,1
"Somerville, MA",7
Somewhere in the crowd,1
"South Boston, MA",1
South Florida,1
Southern California,2
Soyu Game Field,1
"St. Petersburg, FL",1
Stoneham,1
"Stoughton, MA",1
Switzerland,1
TEXAS,1
"Tampa, FL",1
Taunton Ma,1
"Tewksbury, MA",2
The ROC,1
The Ross Agency,1
The U.K.,1
"Toronto, Canada",1
"Toronto, Ontario/Boston, MA",1
Trier/Luxembourg/Munich,2
"UC, Soxpark",1
UK,1
United States,3
"Urbana, IL",1
"Vancouver, BC",1
"Virginia, USA",1
"Walpole, MA",1
"Waltham, MA",2
"Waltham, Ma",1
Wandering,1
"Washington, D.C",1
"Washington, DC",1
"Watertown, MA",2
"Watertown, MA, USA",1
"Wellesley, MA",1
"West Boylston, MA",1
West Coast of USA and Canada,1
"West Palm Beach, FL",1
WestWood,1
"Weston, MA",3
Westwood,1
"Westwood, MA",1
"Weymouth, MA",1
"Whitman, MA",1
"Woburn, MA",3
"Wrentham, MA",1
"X, Madrid.",1
YNK,1
"Yonkers, NY",1
[BHM] / MIA / DXB / AMM,1
boston,7
"boston, ma",4
btv ❅,1
"cambridge, ma.",2
everywhere and nowhere,1
gentrified brooklyn,1
heck,1
illa illa,1
im going to be where i am at,1
in a fruit farm ,1
in the vicinity of Betelguse,1
kuwait,1
"lawrence, Ma",2
marta,1
massachusetts,1
"milan, Italy",1
"newton, ma",1
pristin svt nct,1
"scituate, massachusetts",1
sleeping sagittarius,1
suburb of Boston,1
"svt, mx, bts, victon, ggs",1
v a ,1
wherever God leads me,1
z f r l n r v z,1
|-/,1
⬆️,1
